{"EntityKeyName":"long","EntityDisplayName":null,"BaseClassName":"Entity<long>","BaseClassDtoName":"EntityDto<long>","BaseClassNameList":"ICreationAudited,ISoftDelete","Name":"ExtendInfo","LowerName":"extendInfo","SplitName":"extend-info","NameSplit":["extend","info"],"Namespace":"Dg.ERM.Authorization.ExtendInfos","Properties":[{"Checked":true,"EditChecked":true,"ListChecked":true,"FieldName":"TenantId","FieldDisplayName":"TenantId","Required":false,"MinLength":null,"MaxLength":null,"RegularExpression":null,"FieldTypeStr":"int","FieldType":null,"CtrlTypes":["Text","Checkbox","Textarea","DatePicker","DateTimePicker","DropdownList"],"CtrlTypeIndex":0,"IsCollection":false,"FieldNameFirstLower":"tenantId","ContrlType":"Text","AttributesList":[],"IsSimpleProperty":true,"IsRelation":false,"RelatedEntityName":null},{"Checked":true,"EditChecked":true,"ListChecked":true,"FieldName":"ParentId","FieldDisplayName":"ParentId","Required":false,"MinLength":null,"MaxLength":null,"RegularExpression":null,"FieldTypeStr":"int","FieldType":null,"CtrlTypes":["Text","Checkbox","Textarea","DatePicker","DateTimePicker","DropdownList"],"CtrlTypeIndex":0,"IsCollection":false,"FieldNameFirstLower":"parentId","ContrlType":"Text","AttributesList":[],"IsSimpleProperty":true,"IsRelation":false,"RelatedEntityName":null},{"Checked":true,"EditChecked":true,"ListChecked":true,"FieldName":"Super_Type","FieldDisplayName":"Super_Type","Required":false,"MinLength":null,"MaxLength":null,"RegularExpression":null,"FieldTypeStr":"string","FieldType":null,"CtrlTypes":["Text","Checkbox","Textarea","DatePicker","DateTimePicker","DropdownList"],"CtrlTypeIndex":0,"IsCollection":false,"FieldNameFirstLower":"super_Type","ContrlType":"Text","AttributesList":[],"IsSimpleProperty":true,"IsRelation":false,"RelatedEntityName":null},{"Checked":true,"EditChecked":true,"ListChecked":true,"FieldName":"EntityTypeFullName","FieldDisplayName":"EntityTypeFullName","Required":false,"MinLength":null,"MaxLength":null,"RegularExpression":null,"FieldTypeStr":"string","FieldType":null,"CtrlTypes":["Text","Checkbox","Textarea","DatePicker","DateTimePicker","DropdownList"],"CtrlTypeIndex":0,"IsCollection":false,"FieldNameFirstLower":"entityTypeFullName","ContrlType":"Text","AttributesList":[],"IsSimpleProperty":true,"IsRelation":false,"RelatedEntityName":null},{"Checked":true,"EditChecked":false,"ListChecked":true,"FieldName":"Name","FieldDisplayName":"Name","Required":true,"MinLength":null,"MaxLength":null,"RegularExpression":null,"FieldTypeStr":"string","FieldType":null,"CtrlTypes":["Text","Checkbox","Textarea","DatePicker","DateTimePicker","DropdownList"],"CtrlTypeIndex":0,"IsCollection":false,"FieldNameFirstLower":"name","ContrlType":"Text","AttributesList":["[Required]"],"IsSimpleProperty":true,"IsRelation":false,"RelatedEntityName":null},{"Checked":true,"EditChecked":false,"ListChecked":true,"FieldName":"Value","FieldDisplayName":"Value","Required":false,"MinLength":null,"MaxLength":null,"RegularExpression":null,"FieldTypeStr":"string","FieldType":null,"CtrlTypes":["Text","Checkbox","Textarea","DatePicker","DateTimePicker","DropdownList"],"CtrlTypeIndex":0,"IsCollection":false,"FieldNameFirstLower":"value","ContrlType":"Text","AttributesList":[],"IsSimpleProperty":true,"IsRelation":false,"RelatedEntityName":null},{"Checked":true,"EditChecked":true,"ListChecked":true,"FieldName":"DataTypeName","FieldDisplayName":"DataTypeName","Required":false,"MinLength":null,"MaxLength":null,"RegularExpression":null,"FieldTypeStr":"string","FieldType":null,"CtrlTypes":["Text","Checkbox","Textarea","DatePicker","DateTimePicker","DropdownList"],"CtrlTypeIndex":0,"IsCollection":false,"FieldNameFirstLower":"dataTypeName","ContrlType":"Text","AttributesList":[],"IsSimpleProperty":true,"IsRelation":false,"RelatedEntityName":null},{"Checked":true,"EditChecked":true,"ListChecked":true,"FieldName":"Description","FieldDisplayName":"Description","Required":false,"MinLength":null,"MaxLength":null,"RegularExpression":null,"FieldTypeStr":"string","FieldType":null,"CtrlTypes":["Text","Checkbox","Textarea","DatePicker","DateTimePicker","DropdownList"],"CtrlTypeIndex":0,"IsCollection":false,"FieldNameFirstLower":"description","ContrlType":"Text","AttributesList":[],"IsSimpleProperty":true,"IsRelation":false,"RelatedEntityName":null},{"Checked":true,"EditChecked":true,"ListChecked":true,"FieldName":"DisplayName","FieldDisplayName":"DisplayName","Required":false,"MinLength":null,"MaxLength":null,"RegularExpression":null,"FieldTypeStr":"string","FieldType":null,"CtrlTypes":["Text","Checkbox","Textarea","DatePicker","DateTimePicker","DropdownList"],"CtrlTypeIndex":0,"IsCollection":false,"FieldNameFirstLower":"displayName","ContrlType":"Text","AttributesList":[],"IsSimpleProperty":true,"IsRelation":false,"RelatedEntityName":null},{"Checked":true,"EditChecked":false,"ListChecked":true,"FieldName":"CreatorUserId","FieldDisplayName":"CreatorUserId","Required":false,"MinLength":null,"MaxLength":null,"RegularExpression":null,"FieldTypeStr":"long?","FieldType":null,"CtrlTypes":["Text","Checkbox","Textarea","DatePicker","DateTimePicker","DropdownList"],"CtrlTypeIndex":0,"IsCollection":false,"FieldNameFirstLower":"creatorUserId","ContrlType":"Text","AttributesList":[],"IsSimpleProperty":true,"IsRelation":false,"RelatedEntityName":null},{"Checked":true,"EditChecked":false,"ListChecked":true,"FieldName":"CreationTime","FieldDisplayName":"CreationTime","Required":false,"MinLength":null,"MaxLength":null,"RegularExpression":null,"FieldTypeStr":"DateTime","FieldType":null,"CtrlTypes":["Text","Checkbox","Textarea","DatePicker","DateTimePicker","DropdownList"],"CtrlTypeIndex":4,"IsCollection":false,"FieldNameFirstLower":"creationTime","ContrlType":"DateTimePicker","AttributesList":[],"IsSimpleProperty":true,"IsRelation":false,"RelatedEntityName":null},{"Checked":true,"EditChecked":false,"ListChecked":true,"FieldName":"IsDeleted","FieldDisplayName":"IsDeleted","Required":false,"MinLength":null,"MaxLength":null,"RegularExpression":null,"FieldTypeStr":"bool","FieldType":null,"CtrlTypes":["Text","Checkbox","Textarea","DatePicker","DateTimePicker","DropdownList"],"CtrlTypeIndex":1,"IsCollection":false,"FieldNameFirstLower":"isDeleted","ContrlType":"Checkbox","AttributesList":[],"IsSimpleProperty":true,"IsRelation":false,"RelatedEntityName":null},{"Checked":true,"EditChecked":true,"ListChecked":true,"FieldName":"Id","FieldDisplayName":"Id","Required":false,"MinLength":null,"MaxLength":null,"RegularExpression":null,"FieldTypeStr":"long?","FieldType":null,"CtrlTypes":["Text","Checkbox","Textarea","DatePicker","DateTimePicker","DropdownList"],"CtrlTypeIndex":0,"IsCollection":false,"FieldNameFirstLower":"id","ContrlType":"Text","AttributesList":["[Key]"],"IsSimpleProperty":true,"IsRelation":false,"RelatedEntityName":null},{"Checked":true,"EditChecked":true,"ListChecked":true,"FieldName":"EnityID","FieldDisplayName":"EnityID","Required":false,"MinLength":null,"MaxLength":null,"RegularExpression":null,"FieldTypeStr":"long","FieldType":null,"CtrlTypes":["Text","Checkbox","Textarea","DatePicker","DateTimePicker","DropdownList"],"CtrlTypeIndex":0,"IsCollection":false,"FieldNameFirstLower":"enityID","ContrlType":"Text","AttributesList":[],"IsSimpleProperty":true,"IsRelation":false,"RelatedEntityName":null},{"Checked":true,"EditChecked":true,"ListChecked":true,"FieldName":"PropertyName","FieldDisplayName":"PropertyName","Required":true,"MinLength":null,"MaxLength":null,"RegularExpression":null,"FieldTypeStr":"string","FieldType":null,"CtrlTypes":["Text","Checkbox","Textarea","DatePicker","DateTimePicker","DropdownList"],"CtrlTypeIndex":0,"IsCollection":false,"FieldNameFirstLower":"propertyName","ContrlType":"Text","AttributesList":["[Required]"],"IsSimpleProperty":true,"IsRelation":false,"RelatedEntityName":null},{"Checked":true,"EditChecked":true,"ListChecked":true,"FieldName":"PropertyValue","FieldDisplayName":"PropertyValue","Required":false,"MinLength":null,"MaxLength":null,"RegularExpression":null,"FieldTypeStr":"string","FieldType":null,"CtrlTypes":["Text","Checkbox","Textarea","DatePicker","DateTimePicker","DropdownList"],"CtrlTypeIndex":0,"IsCollection":false,"FieldNameFirstLower":"propertyValue","ContrlType":"Text","AttributesList":[],"IsSimpleProperty":true,"IsRelation":false,"RelatedEntityName":null},{"Checked":true,"EditChecked":true,"ListChecked":true,"FieldName":"PropertyTypeName","FieldDisplayName":"PropertyTypeName","Required":false,"MinLength":null,"MaxLength":null,"RegularExpression":null,"FieldTypeStr":"string","FieldType":null,"CtrlTypes":["Text","Checkbox","Textarea","DatePicker","DateTimePicker","DropdownList"],"CtrlTypeIndex":0,"IsCollection":false,"FieldNameFirstLower":"propertyTypeName","ContrlType":"Text","AttributesList":[],"IsSimpleProperty":true,"IsRelation":false,"RelatedEntityName":null}]}