{"EntityKeyName":"int","EntityDisplayName":null,"BaseClassName":"Entity","BaseClassDtoName":"EntityDto","BaseClassNameList":"IMustHaveTenant,IMustHaveOrganizationUnit,ISoftDelete","Name":"Product","LowerName":"product","SplitName":"product","NameSplit":["product"],"Namespace":"DG.ERM.Products","Properties":[{"Checked":true,"EditChecked":true,"ListChecked":true,"FieldName":"TenantId","FieldDisplayName":"TenantId","Required":false,"MinLength":null,"MaxLength":null,"RegularExpression":null,"FieldTypeStr":"int","FieldType":null,"CtrlTypes":["Text","Checkbox","Textarea","DatePicker","DateTimePicker","DropdownList"],"CtrlTypeIndex":0,"IsCollection":false,"FieldNameFirstLower":"tenantId","ContrlType":"Text","AttributesList":[],"IsSimpleProperty":true,"IsRelation":false,"RelatedEntityName":null},{"Checked":true,"EditChecked":true,"ListChecked":true,"FieldName":"OrganizationUnitId","FieldDisplayName":"OrganizationUnitId","Required":false,"MinLength":null,"MaxLength":null,"RegularExpression":null,"FieldTypeStr":"long","FieldType":null,"CtrlTypes":["Text","Checkbox","Textarea","DatePicker","DateTimePicker","DropdownList"],"CtrlTypeIndex":0,"IsCollection":false,"FieldNameFirstLower":"organizationUnitId","ContrlType":"Text","AttributesList":[],"IsSimpleProperty":true,"IsRelation":false,"RelatedEntityName":null},{"Checked":true,"EditChecked":true,"ListChecked":true,"FieldName":"Name","FieldDisplayName":"Name","Required":false,"MinLength":null,"MaxLength":null,"RegularExpression":null,"FieldTypeStr":"string","FieldType":null,"CtrlTypes":["Text","Checkbox","Textarea","DatePicker","DateTimePicker","DropdownList"],"CtrlTypeIndex":0,"IsCollection":false,"FieldNameFirstLower":"name","ContrlType":"Text","AttributesList":[],"IsSimpleProperty":true,"IsRelation":false,"RelatedEntityName":null},{"Checked":true,"EditChecked":true,"ListChecked":true,"FieldName":"Price","FieldDisplayName":"Price","Required":false,"MinLength":null,"MaxLength":null,"RegularExpression":null,"FieldTypeStr":"float","FieldType":null,"CtrlTypes":["Text","Checkbox","Textarea","DatePicker","DateTimePicker","DropdownList"],"CtrlTypeIndex":0,"IsCollection":false,"FieldNameFirstLower":"price","ContrlType":"Text","AttributesList":[],"IsSimpleProperty":true,"IsRelation":false,"RelatedEntityName":null},{"Checked":true,"EditChecked":false,"ListChecked":true,"FieldName":"IsDeleted","FieldDisplayName":"IsDeleted","Required":false,"MinLength":null,"MaxLength":null,"RegularExpression":null,"FieldTypeStr":"bool","FieldType":null,"CtrlTypes":["Text","Checkbox","Textarea","DatePicker","DateTimePicker","DropdownList"],"CtrlTypeIndex":1,"IsCollection":false,"FieldNameFirstLower":"isDeleted","ContrlType":"Checkbox","AttributesList":[],"IsSimpleProperty":true,"IsRelation":false,"RelatedEntityName":null}]}