{"Application":{"PType":2,"BasePath":"E:\\eBook\\Dg.ERMRF\\4.6.0\\aspnet-core\\src\\Dg.ERM.Application","ProjectName":"Dg.ERM.Application","CodeTemplates":[]},"Core":{"PType":0,"BasePath":"E:\\eBook\\Dg.ERMRF\\4.6.0\\aspnet-core\\src\\Dg.ERM.Core","ProjectName":"Dg.ERM.Core","CodeTemplates":[]},"EF":{"PType":1,"BasePath":"E:\\eBook\\Dg.ERMRF\\4.6.0\\aspnet-core\\src\\Dg.ERM.EntityFrameworkCore","ProjectName":"Dg.ERM.EntityFrameworkCore","CodeTemplates":[]},"SolutionNamespace":"ERM","CompanyNamespace":"Dg.","CurrentProjectName":"Dg.ERM.Core","CurrentSelectFilePath":"E:\\eBook\\Dg.ERMRF\\4.6.0\\aspnet-core\\src\\Dg.ERM.Core\\Authorization\\ExtendInfos\\ExtendInfo.cs","IsAbpZero":false,"SolutionPath":"E:\\eBook\\Dg.ERMRF\\4.6.0\\aspnet-core"}